solde_depart, 2000.00
salaire, 4000.000000
fnac_opera, -500.000000
garagiste, -233.449997
brocante, -2.550000
brico_depot, -700.229980
remise_cheque, 250.000000